t_s,current_A,vbus_V
0.005582,-0.000101,6.3197
0.014023,-0.000043,6.3193
0.022404,-0.000111,6.3199
0.030848,0.000025,6.3197
0.039235,0.000039,6.3205
0.047679,0.000045,6.3191
0.056065,0.000055,6.3201
0.064504,-0.000017,6.3199
0.072885,0.000071,6.3199
0.081329,0.000039,6.3197
0.089721,-0.000011,6.3199
0.098167,-0.000049,6.3205
0.106550,0.000155,6.3209
0.114993,-0.000013,6.3205
0.123431,0.000039,6.3203
0.131813,0.000003,6.3203
0.140257,0.000019,6.3201
0.148644,0.000045,6.3195
0.157089,0.000019,6.3205
0.165473,0.000071,6.3195
0.173914,0.000023,6.3203
0.182295,0.000009,6.3193
0.190743,0.000009,6.3197
0.199129,0.000045,6.3205
0.207572,-0.000033,6.3201
0.215955,-0.000017,6.3186
0.224394,-0.000011,6.3207
0.232778,-0.000007,6.3209
0.241226,0.000077,6.3205
0.249616,-0.000033,6.3199
0.259454,0.000009,6.3209
0.267700,0.000055,6.3199
0.274887,0.000077,6.3209
0.283268,-0.000049,6.3197
0.291714,0.000107,6.3195
0.300100,0.000019,6.3201
0.308546,0.000113,6.3205
0.316932,0.000149,6.3195
0.325373,0.000123,6.3187
0.333753,0.000009,6.3205
0.342200,0.000057,6.3191
0.350587,-0.000075,6.3203
0.359031,0.000145,6.3201
0.367416,0.001239,6.3162
0.375862,-0.000043,6.3201
0.384246,0.000035,6.3197
0.392686,-0.000013,6.3191
0.401073,-0.000099,6.3187
0.409523,0.000039,6.3203
0.417907,0.000039,6.3201
0.426353,-0.000001,6.3189
0.434736,-0.000049,6.3199
0.443176,0.000045,6.3203
0.451566,0.000113,6.3189
0.460014,0.000035,6.3205
0.468401,-0.000069,6.3201
0.476844,0.000101,6.3199
0.485287,0.000019,6.3203
0.493668,0.000025,6.3199
0.502114,-0.000017,6.3195
0.510502,0.000061,6.3199
0.518946,0.000009,6.3207
0.527330,-0.000033,6.3203
0.535772,0.000051,6.3197
0.544154,-0.000053,6.3207
0.552600,-0.000059,6.3199
0.561121,0.000033,6.3203
0.570985,0.000149,6.3205
0.577816,-0.000069,6.3201
0.586257,-0.000053,6.3197
0.594639,0.000013,6.3211
0.603080,0.000093,6.3197
0.611468,-0.000007,6.3195
0.619916,0.000035,6.3199
0.628302,0.000111,6.3193
0.636746,0.000123,6.3199
0.645127,-0.000085,6.3211
0.653565,-0.000107,6.3199
0.661953,0.000033,6.3201
0.670398,0.000085,6.3207
0.678786,0.000139,6.3203
0.687228,-0.000089,6.3189
0.695615,-0.000037,6.3199
0.704053,-0.000013,6.3195
0.712443,0.000025,6.3193
0.720889,-0.000059,6.3207
0.729274,0.000045,6.3193
0.737724,-0.000059,6.3209
0.746108,-0.000017,6.3199
0.754546,0.000025,6.3199
0.762939,-0.000085,6.3211
0.771387,0.000051,6.3205
0.779775,-0.000095,6.3195
0.788220,0.000139,6.3201
0.796610,-0.000023,6.3209
0.805049,0.000227,6.3199
0.813432,0.000015,6.3197
0.821882,0.000071,6.3201
0.830269,0.000039,6.3199
0.838711,0.000081,6.3211
0.847098,0.000055,6.3203
0.855540,-0.000091,6.3207
0.864419,-0.000017,6.3205
0.872369,0.000039,6.3213
0.880756,0.000075,6.3205
0.889199,0.000129,6.3197
0.897583,0.000077,6.3207
0.906023,0.000097,6.3197
0.914403,0.000019,6.3187
0.922848,0.000025,6.3191
0.931238,-0.000017,6.3203
0.939685,-0.000049,6.3195
0.948069,-0.000001,6.3201
0.956510,0.000043,6.3203
0.964893,-0.000089,6.3205
0.973339,0.000055,6.3195
0.981781,0.000067,6.3189
0.990167,0.000091,6.3201
0.998608,0.000091,6.3205
1.006991,0.000169,6.3201
1.015430,-0.000007,6.3203
1.023812,0.000169,6.3203
1.032261,-0.000011,6.3207
1.040650,0.000035,6.3213
1.049096,0.000025,6.3201
1.057479,-0.000085,6.3195
1.065918,0.000071,6.3197
1.074302,0.000039,6.3197
1.082751,0.000253,6.3193
1.091138,0.000227,6.3203
1.099583,0.000065,6.3193
1.107967,0.006015,6.3010
1.116410,0.000051,6.3195
1.124793,-0.000017,6.3191
1.133242,-0.000007,6.3189
1.141628,0.000399,6.3195
1.150072,0.000295,6.3189
1.159558,0.000205,6.3193
1.167806,0.000175,6.3182
1.175280,0.000039,6.3203
1.183728,0.000267,6.3182
1.192115,0.000133,6.3186
1.200559,0.000253,6.3176
1.208943,0.000321,6.3195
1.217387,0.000347,6.3178
1.225767,0.000165,6.3195
1.234206,0.000221,6.3189
1.242648,0.000293,6.3174
1.251036,0.000169,6.3189
1.259482,0.000477,6.3180
1.267868,0.000081,6.3191
1.276310,0.000175,6.3180
1.284692,0.000435,6.3186
1.293139,0.000201,6.3187
1.301525,0.000653,6.3180
1.309968,0.000201,6.3191
1.318352,0.000175,6.3184
1.326790,0.000799,6.3199
1.335171,0.000263,6.3186
1.343619,0.000525,6.3195
1.352003,0.000145,6.3191
1.360446,0.000241,6.3199
1.368831,0.000707,6.3158
1.377273,0.001327,6.3176
1.385656,0.000185,6.3166
1.394102,0.000077,6.3189
1.402492,0.000357,6.3193
1.410939,0.000243,6.3172
1.419323,0.000321,6.3189
1.427763,0.000087,6.3166
1.436144,0.000289,6.3191
1.444588,0.000195,6.3178
1.452978,0.000399,6.3176
1.462829,0.000139,6.3189
1.471074,0.000451,6.3187
1.478250,0.000055,6.3193
1.486691,0.000185,6.3199
1.495073,0.000503,6.3184
1.503517,0.000165,6.3191
1.511905,0.000847,6.3199
1.520348,0.000133,6.3189
1.528734,0.000201,6.3187
1.537176,0.328465,5.3398
1.545557,0.028041,6.2107
1.554004,0.024583,6.2264
1.562392,0.023441,6.2328
1.570833,0.022909,6.2369
1.579216,0.025267,6.2279
1.587656,0.028071,6.2215
1.596038,0.028187,6.2209
1.604483,0.028375,6.2215
1.612869,0.028249,6.2209
1.621315,0.028223,6.2213
1.629700,0.028337,6.2219
1.638141,0.028285,6.2213
1.646581,0.028125,6.2203
1.654963,0.028271,6.2215
1.663409,0.027827,6.2217
1.671801,0.027681,6.2219
1.680242,0.027477,6.2229
1.688624,0.027551,6.2225
1.697064,0.027607,6.2227
1.705442,0.027545,6.2221
1.713890,0.027551,6.2219
1.722276,0.027399,6.2219
1.730719,0.027701,6.2211
1.739103,0.027635,6.2225
1.747543,0.027593,6.2211
1.755923,0.027753,6.2213
1.764476,0.027519,6.2207
1.772772,0.027675,6.2211
1.781217,0.030079,6.2094
1.789602,0.035837,6.1953
1.798044,0.034627,6.1986
1.806426,0.039043,6.1793
1.814871,0.043611,6.1695
1.823260,0.043367,6.1686
1.831701,0.043699,6.1672
1.840092,0.044149,6.1660
1.848533,0.044257,6.1662
1.856913,0.044481,6.1658
1.865362,0.044633,6.1645
1.873748,0.044347,6.1646
1.882196,0.044211,6.1633
1.890579,0.044049,6.1633
1.899023,0.044179,6.1623
1.907407,0.044211,6.1625
1.915848,0.044435,6.1625
1.924237,0.044549,6.1633
1.932684,0.044669,6.1611
1.941070,0.044253,6.1613
1.949516,0.044195,6.1602
1.957897,0.044053,6.1604
1.966335,0.044075,6.1590
1.974724,0.061715,6.0773
1.983168,0.114705,5.9539
1.991557,0.114209,5.9477
2.000000,0.114439,5.9437
2.008384,0.113923,5.9389
2.016825,0.113349,5.9365
2.025214,0.113891,5.9354
2.033658,0.114637,5.9338
2.042048,0.114059,5.9330
2.050492,0.114873,5.9328
2.059664,0.114675,5.9297
2.067909,0.114243,5.9268
2.075727,0.113669,5.9244
2.084171,0.113569,5.9240
2.092563,0.113631,5.9242
2.101003,0.114643,5.9240
2.109391,0.115039,5.9238
2.117832,0.114997,5.9234
2.126216,0.114449,5.9199
2.134662,0.113903,5.9176
2.143049,0.113549,5.9186
2.151490,0.113679,5.9154
2.159877,0.114293,5.9160
2.168320,0.114987,5.9172
2.176702,0.114815,5.9168
2.185148,0.114169,5.9152
2.193536,0.114575,5.9146
2.201981,0.113679,5.9107
2.210366,0.113549,5.9105
2.218805,0.114043,5.9102
2.227188,0.114679,5.9117
2.235634,0.114173,5.9121
2.244027,0.114925,5.9113
2.252472,0.114581,5.9102
2.260855,0.114199,5.9070
2.269300,0.113615,5.9055
2.277684,0.113725,5.9059
2.286132,0.113835,5.9068
2.294520,0.114715,5.9074
2.302964,0.114821,5.9078
2.311347,0.114711,5.9074
2.319788,0.114419,5.9047
2.328170,0.113809,5.9010
2.336612,0.113521,5.9033
2.345001,0.113553,5.9008
2.353447,0.114481,5.9035
2.362926,0.114837,5.9035
2.371169,0.115561,5.8994
2.378686,0.114383,5.9012
2.387070,0.114231,5.8998
2.395515,0.113725,5.8979
2.403903,0.113537,5.8975
2.412347,0.113985,5.8986
2.420735,0.114607,5.8990
2.429176,0.114273,5.8998
2.437559,0.114967,5.8996
2.446005,0.114523,5.8971
2.454393,0.113929,5.8953
2.462836,0.113511,5.8947
2.471219,0.113835,5.8955
2.479660,0.113971,5.8955
2.488098,0.114815,5.8965
2.496486,0.115149,5.8965
2.504930,0.114815,5.8957
2.513317,0.114189,5.8932
2.521764,0.113705,5.8918
2.530149,0.113501,5.8932
2.538591,0.113883,5.8914
2.546974,0.114805,5.8926
2.555418,0.115139,5.8941
2.563805,0.114857,5.8926
2.572251,0.114267,5.8912
2.580634,0.114001,5.8918
2.589077,0.113521,5.8879
2.597457,0.113615,5.8891
2.605904,0.114341,5.8893
2.614289,0.114779,5.8910
2.622734,0.114315,5.8912
2.631120,0.114867,5.8902
2.639560,0.114497,5.8877
2.647941,0.113845,5.8855
2.656389,0.113355,5.8861
2.666170,0.114023,5.8859
2.673192,0.114117,5.8883
2.681640,0.114941,5.8887
2.690028,0.114981,5.8895
2.698466,0.114559,5.8867
2.706856,0.114127,5.8848
2.715301,0.113625,5.8844
2.723686,0.113391,5.8863
2.732130,0.114189,5.8844
2.740513,0.114873,5.8861
2.748951,0.115065,5.8867
2.757334,0.114711,5.8861
2.765779,0.114153,5.8816
2.774169,0.113851,5.8832
2.782614,0.113537,5.8809
2.790999,0.113975,5.8814
2.799441,0.114653,5.8826
2.807825,0.115071,5.8832
2.816270,0.114247,5.8838
2.824658,0.114587,5.8828
2.833103,0.114205,5.8809
2.841487,0.113663,5.8787
2.849928,0.113637,5.8779
2.858311,0.114371,5.8799
2.866760,0.114357,5.8816
2.875151,0.114899,5.8818
2.883597,0.114929,5.8822
2.891986,0.114501,5.8787
2.900427,0.113809,5.8771
2.908807,0.113699,5.8781
2.917250,0.113527,5.8789
2.925641,0.114611,5.8777
2.934088,0.115175,5.8797
2.942474,0.114919,5.8797
2.950916,0.114715,5.8783
2.959685,0.114043,5.8758
2.967931,0.113663,5.8770
2.976157,0.113543,5.8744
2.984599,0.114127,5.8756
2.992986,0.115233,5.8744
3.001432,0.008507,6.1832
3.009817,0.003083,6.1959
3.018258,0.002401,6.2064
3.026647,0.003773,6.2125
3.035093,-0.000001,6.2240
3.043480,0.000045,6.2273
3.051920,-0.000027,6.2307
3.060308,0.000057,6.2336
3.068749,0.000071,6.2357
3.077140,0.000305,6.2367
3.085530,0.000039,6.2400
3.093974,0.000019,6.2406
3.102357,0.000145,6.2418
3.110801,-0.000065,6.2445
3.119241,-0.000059,6.2449
3.127629,-0.000027,6.2467
3.136019,0.000039,6.2486
3.144464,0.000171,6.2496
3.152848,-0.000069,6.2504
3.161288,0.000051,6.2512
3.169730,-0.000021,6.2521
3.178117,0.000003,6.2529
3.186557,0.000013,6.2539
3.194945,-0.000007,6.2555
3.203387,-0.000027,6.2561
3.211771,0.000013,6.2564
3.220212,-0.000069,6.2578
3.228593,-0.000007,6.2580
3.237039,0.000077,6.2586
3.245426,0.000041,6.2596
3.253870,0.000039,6.2607
3.262930,-0.000011,6.2615
3.271174,-0.000001,6.2621
3.279094,-0.000079,6.2629
3.287536,0.000035,6.2631
3.295923,0.000009,6.2633
3.304368,-0.000039,6.2646
3.312756,-0.000075,6.2650
3.321196,-0.000189,6.2646
3.329576,0.000025,6.2660
3.338022,0.000019,6.2670
3.346410,0.000019,6.2666
3.354856,0.000009,6.2686
3.363240,0.000101,6.2676
3.371685,-0.000033,6.2684
3.380065,0.001045,6.2652
3.388512,0.000055,6.2691
3.396899,0.000055,6.2701
3.405343,0.000123,6.2709
3.413727,0.000081,6.2705
3.422169,0.000005,6.2717
3.430554,-0.000017,6.2719
3.438993,0.000127,6.2715
3.447384,-0.000007,6.2721
3.455828,-0.000007,6.2723
3.464217,-0.000001,6.2727
3.472660,0.000045,6.2732
3.481043,0.000045,6.2734
3.489482,0.000025,6.2730
3.497928,-0.000013,6.2748
3.506318,-0.000085,6.2748
3.514705,0.000023,6.2744
3.523151,-0.000085,6.2756
3.531533,0.000061,6.2758
3.539971,0.000009,6.2770
3.548362,-0.000059,6.2750
3.556809,0.000129,6.2760
3.566159,0.000029,6.2771
3.573641,-0.000105,6.2777
3.582027,-0.000037,6.2779
3.590467,-0.000137,6.2783
3.598855,0.000045,6.2779
3.607301,0.000097,6.2789
3.615687,0.000085,6.2789
3.624134,0.000019,6.2795
3.632516,0.000113,6.2785
3.640958,0.000133,6.2799
3.649398,0.000097,6.2797
3.657786,0.000185,6.2789
3.666229,0.000045,6.2809
3.674616,0.000055,6.2805
3.683003,-0.000085,6.2805
3.691443,0.000055,6.2814
3.699881,0.000145,6.2816
3.708269,0.000035,6.2812
3.716714,0.000055,6.2824
3.725102,-0.000001,6.2822
3.733543,0.000025,6.2822
3.741930,0.000117,6.2830
3.750368,-0.000089,6.2830
3.758757,-0.000013,6.2832
3.767205,0.000015,6.2834
3.775593,0.000035,6.2836
3.784037,-0.000047,6.2836
3.792421,0.000045,6.2840
3.800860,0.000179,6.2834
3.809251,0.000065,6.2840
3.817696,0.000055,6.2840
3.826081,-0.000007,6.2842
3.834522,-0.000023,6.2848
3.842906,-0.000095,6.2857
3.851348,0.000065,6.2855
3.861311,-0.000007,6.2859
3.869554,0.000045,6.2855
3.876567,0.000123,6.2854
3.885012,0.000113,6.2861
3.893399,0.000015,6.2859
3.901838,-0.000033,6.2863
3.910219,0.000035,6.2857
3.918666,0.000045,6.2857
3.927052,0.000061,6.2869
3.935495,-0.000017,6.2861
3.943880,0.000055,6.2881
3.952320,0.000101,6.2879
3.960700,0.000035,6.2877
3.969146,0.000023,6.2881
3.977593,-0.000001,6.2875
3.985979,0.000071,6.2887
3.994422,0.000087,6.2869
4.002805,0.000123,6.2883
4.011243,0.000041,6.2881
4.019632,0.000103,6.2889
4.028078,0.000113,6.2883
4.036464,0.000075,6.2891
4.044907,-0.000001,6.2896
4.053296,-0.000007,6.2887
4.061735,0.000051,6.2887
4.070118,0.000003,6.2891
4.078566,0.000015,6.2895
4.086953,-0.000049,6.2896
4.095398,0.000015,6.2904
4.103780,0.000127,6.2896
4.112221,0.000015,6.2898
4.120601,0.000129,6.2902
4.129049,-0.000007,6.2891
4.137437,0.000087,6.2904
4.145880,-0.000023,6.2916
4.154265,0.000003,6.2902
4.162967,-0.000007,6.2900
4.171210,-0.000055,6.2904
4.179541,0.000061,6.2908
4.187928,-0.000127,6.2906
4.196371,-0.000043,6.2902
4.204755,0.000061,6.2914
4.213198,0.000081,6.2918
4.221579,0.000019,6.2922
4.230029,0.000351,6.2912
4.238419,0.000019,6.2924
4.246866,-0.000095,6.2918
4.255250,0.000055,6.2924
4.263692,0.000025,6.2916
4.272074,-0.000079,6.2926
4.280517,0.000117,6.2920
4.288905,-0.000079,6.2924
4.297347,-0.000013,6.2926
4.305732,0.000055,6.2930
4.314174,-0.000001,6.2934
4.322557,-0.000079,6.2928
4.330997,0.000237,6.2926
4.339386,0.000075,6.2930
4.347832,-0.000069,6.2928
4.356216,-0.000037,6.2934
4.364657,-0.000075,6.2932
4.373096,-0.000101,6.2941
4.381477,-0.000027,6.2924
4.389922,0.000827,6.2887
4.398311,0.000019,6.2945
4.406751,0.000127,6.2949
4.415140,-0.000007,6.2932
4.423580,-0.000079,6.2943
4.431960,-0.000023,6.2932
4.440406,0.000049,6.2945
4.448796,0.000051,6.2949
4.457245,-0.000017,6.2945
4.466247,-0.000059,6.2939
4.474075,-0.000023,6.2951
4.482458,-0.000021,6.2951
4.490899,-0.000017,6.2947
4.499286,0.000075,6.2945
4.507731,-0.000017,6.2951
4.516117,0.000015,6.2955
4.524560,0.000003,6.2953
4.532943,0.000055,6.2953
4.541384,0.000045,6.2955
4.549829,0.000055,6.2957
4.558216,-0.000085,6.2957
4.566606,-0.000001,6.2963
4.575049,0.000041,6.2959
4.583434,0.000003,6.2957
4.591874,-0.000007,6.2949
4.600319,0.000113,6.2957
4.608706,-0.000027,6.2959
4.617093,-0.000029,6.2955
4.625534,-0.000043,6.2961
4.633973,-0.000021,6.2967
4.642356,0.000019,6.2967
4.650802,0.000091,6.2971
4.659193,-0.000163,6.2969
4.667638,0.000029,6.2973
4.676022,0.000101,6.2957
4.684466,0.000107,6.2973
4.692847,0.000071,6.2969
4.701291,0.000093,6.2971
4.709679,0.000035,6.2967
4.718123,-0.000075,6.2967
4.726509,0.000213,6.2969
4.734951,0.000055,6.2965
4.743334,0.000133,6.2965
4.751771,0.000123,6.2973
4.761395,0.000055,6.2979
4.769638,-0.000023,6.2975
4.776994,0.000013,6.2979
4.785437,0.000013,6.2979
4.793823,0.000123,6.2984
4.802261,0.000045,6.2967
4.810657,-0.000001,6.2988
4.819102,0.000051,6.2977
4.827487,0.000003,6.2982
4.835933,-0.000049,6.2975
4.844315,0.000007,6.2979
4.852753,0.000035,6.2979
4.861141,-0.000069,6.2982
4.869585,0.000117,6.2994
4.877974,-0.000033,6.2982
4.886416,0.000035,6.2982
4.894800,0.000065,6.2980
4.903242,0.000077,6.2984
4.911628,-0.000101,6.2992
4.920075,0.000019,6.2986
4.928461,0.000071,6.2988
4.936904,-0.000053,6.2986
4.945288,-0.000085,6.2990
4.953727,0.000019,6.2988
4.962110,0.000071,6.2988
4.970555,-0.000007,6.2998
4.978999,0.000061,6.2988
4.987383,-0.000007,6.2984
4.995827,0.000035,6.2988
5.004207,-0.000007,6.2992
5.012647,0.000087,6.2990
5.021038,0.000065,6.2994
5.029483,-0.000043,6.2996
5.037869,-0.000011,6.2988
5.046314,0.000087,6.2980
5.054698,0.000015,6.3008
5.064675,0.000019,6.3002
5.071529,0.000113,6.2998
5.079972,0.000013,6.2994
5.088357,0.000123,6.2988
5.096804,0.000065,6.3004
5.105190,0.000191,6.3004
5.113631,0.000087,6.2996
5.122019,0.000071,6.3008
5.130463,-0.000043,6.3000
5.138849,0.000055,6.3004
5.147292,0.000019,6.2992
5.155675,0.000065,6.2998
5.164115,-0.000095,6.3000
5.172499,0.000273,6.3010
5.180948,0.000019,6.3004
5.189333,-0.000105,6.3002
5.197779,0.000039,6.3006
5.206163,-0.000007,6.3008
5.214606,0.000041,6.2998
5.222988,0.000045,6.3002
5.231433,0.000081,6.3010
5.239824,0.000003,6.3000
5.248267,0.000093,6.3008
5.256653,0.000075,6.3008
5.265094,-0.000027,6.3016
5.273476,0.000085,6.2996
5.281926,-0.000069,6.3010
5.290314,0.000055,6.3008
5.298758,0.000133,6.3016
5.307143,0.000113,6.3008
5.315584,0.000107,6.3012
5.324022,-0.000001,6.3016
5.332415,0.000107,6.3016
5.340802,0.000003,6.3000
5.349255,0.000019,6.3012
5.357644,0.000035,6.3016
5.366308,-0.000029,6.3012
5.374480,-0.000001,6.3025
5.382920,0.000019,6.3020
5.391308,0.000441,6.3002
5.399755,0.001505,6.3002
5.408140,0.000045,6.3018
5.416581,0.000051,6.3020
5.424966,0.000091,6.3008
5.433406,0.000013,6.3014
5.441796,-0.000007,6.3023
5.450242,0.000025,6.3021
5.458632,-0.000053,6.3020
5.467075,0.000035,6.3020
5.475457,0.000029,6.3021
5.483896,0.000003,6.3020
5.492290,0.000081,6.3025
5.500738,0.000159,6.3023
5.509125,0.000019,6.3023
5.517567,-0.000085,6.3020
5.525949,-0.000095,6.3025
5.534389,-0.000011,6.3025
5.542774,0.000077,6.3018
5.551219,0.000097,6.3033
5.559606,-0.000007,6.3027
5.568048,0.000163,6.3016
5.576434,0.000065,6.3023
5.584873,-0.000069,6.3025
5.593313,0.000123,6.3037
5.601702,-0.000007,6.3027
5.610087,-0.000017,6.3016
5.618529,-0.000085,6.3025
5.626970,0.000055,6.3029
5.635352,0.000097,6.3023
5.643792,-0.000027,6.3031
5.652179,0.000013,6.3035
5.661455,0.000149,6.3027
5.669700,0.000003,6.3027
5.677457,0.000035,6.3025
5.685838,0.000123,6.3021
5.694275,-0.000017,6.3025
5.702664,0.000285,6.3033
5.711108,0.000045,6.3027
5.719496,0.000077,6.3035
5.727938,0.000081,6.3035
5.736324,0.000091,6.3045
5.744762,0.000029,6.3033
5.753148,0.000067,6.3035
5.761597,-0.000017,6.3037
5.769983,0.000091,6.3033
5.778427,-0.000001,6.3041
5.786813,-0.000095,6.3037
5.795252,-0.000095,6.3035
5.803635,-0.000003,6.3033
5.812082,0.000055,6.3033
5.820467,0.000087,6.3031
5.828914,-0.000091,6.3043
5.837303,-0.000043,6.3043
5.845745,0.000029,6.3029
5.854129,0.000087,6.3039
5.862574,0.000009,6.3025
5.870961,0.000097,6.3043
5.879408,0.000035,6.3037
5.887792,0.000061,6.3039
5.896233,0.000065,6.3047
5.904614,0.000003,6.3035
5.913062,-0.000011,6.3037
5.921449,-0.000001,6.3047
5.929894,0.000091,6.3039
5.938277,-0.000017,6.3041
5.946717,0.000013,6.3041
5.955157,-0.000027,6.3031
5.964734,0.000019,6.3043
5.971933,-0.000007,6.3039
5.980375,0.000065,6.3047
5.988817,-0.000037,6.3039
5.997202,0.000035,6.3033
