t_s,ch,vbus_V,current_A,power_W
3604.840555,0,5.998828,-0.0001020,-0.0006119
3604.972360,0,5.998828,-0.0001340,-0.0008038
3605.104201,0,5.999023,-0.0000840,-0.0005039
3605.236185,0,5.998828,-0.0000020,-0.0000120
3605.367850,0,5.999023,-0.0000480,-0.0002880
3605.499687,0,5.999023,-0.0001260,-0.0007559
3605.631528,0,5.999023,-0.0000600,-0.0003599
3605.763313,0,5.998633,-0.0000280,-0.0001680
3605.895152,0,5.998633,-0.0000640,-0.0003839
3606.026990,0,5.998828,-0.0000980,-0.0005879
3606.158809,0,5.998828,-0.0000620,-0.0003719
3606.290645,0,5.999023,0.0000400,0.0002400
3606.422481,0,5.998828,-0.0000420,-0.0002520
3606.554319,0,5.999219,-0.0000940,-0.0005639
3606.686156,0,5.998633,-0.0001160,-0.0006958
3606.817991,0,5.998633,-0.0000560,-0.0003359
3606.949824,0,5.998828,-0.0001220,-0.0007319
3607.081607,0,5.998828,-0.0000560,-0.0003359
3607.213443,0,5.998828,-0.0000500,-0.0002999
3607.345286,0,5.998633,-0.0000420,-0.0002519
3607.477120,0,5.998828,-0.0000660,-0.0003959
3607.608941,0,5.998828,-0.0000680,-0.0004079
3607.740744,0,5.998633,-0.0000800,-0.0004799
3607.872586,0,5.999023,-0.0000520,-0.0003119
3608.004449,0,5.998828,-0.0000500,-0.0002999
3608.136283,0,5.998633,-0.0001080,-0.0006479
3608.268073,0,5.998828,-0.0001060,-0.0006359
3608.399911,0,5.998828,-0.0000640,-0.0003839
3608.533277,0,5.999023,-0.0000280,-0.0001680
3608.663573,0,5.999023,-0.0000560,-0.0003359
3608.795410,0,5.999023,-0.0000920,-0.0005519
3608.927211,0,5.999023,-0.0000820,-0.0004919
3609.059052,0,5.998633,-0.0001100,-0.0006598
3609.190892,0,5.999023,-0.0000380,-0.0002280
3609.322717,0,5.998633,-0.0000740,-0.0004439
3609.454541,0,5.998828,-0.0000740,-0.0004439
3609.586379,0,5.998633,-0.0000740,-0.0004439
3609.718213,0,5.998828,-0.0000680,-0.0004079
3609.850016,0,5.999023,-0.0000980,-0.0005879
3609.981852,0,5.998828,-0.0000620,-0.0003719
3610.113690,0,5.998828,-0.0000460,-0.0002759
3610.245526,0,5.998633,-0.0000560,-0.0003359
3610.377342,0,5.998828,-0.0000560,-0.0003359
3610.509180,0,5.998828,-0.0000940,-0.0005639
3610.641018,0,5.998633,-0.0000600,-0.0003599
3610.772850,0,5.998633,-0.0000280,-0.0001680
3610.904689,0,5.998828,-0.0000640,-0.0003839
3611.036498,0,5.998633,-0.0000880,-0.0005279
3611.168299,0,5.998828,-0.0000780,-0.0004679
3611.300171,0,5.999219,-0.0000580,-0.0003480
3611.431991,0,5.998828,-0.0000760,-0.0004559
3611.563787,0,5.998828,-0.0000700,-0.0004199
3611.695620,0,5.998828,-0.0001060,-0.0006359
3611.828743,0,5.999023,-0.0001420,-0.0008519
3611.959288,0,5.998828,-0.0000720,-0.0004319
3612.091121,0,5.998828,-0.0000740,-0.0004439
3612.222941,0,5.998633,-0.0000740,-0.0004439
3612.354778,0,5.998828,-0.0000620,-0.0003719
3612.486589,0,5.998633,-0.0000260,-0.0001560
3612.618426,0,5.999219,-0.0000800,-0.0004799
3612.750263,0,5.999219,-0.0000500,-0.0003000
3612.882125,0,5.999023,-0.0001560,-0.0009358
3613.013904,0,5.999023,-0.0001140,-0.0006839
3613.145779,0,5.999023,-0.0000420,-0.0002520
3613.277562,0,5.998438,-0.0000500,-0.0002999
3613.409430,0,5.998633,-0.0000720,-0.0004319
3613.541264,0,5.998828,-0.0000760,-0.0004559
3613.673069,0,5.998438,-0.0000660,-0.0003959
3613.804910,0,5.998242,-0.0000740,-0.0004439
3613.937034,0,5.999023,-0.0000680,-0.0004079
3614.068583,0,5.999023,-0.0000440,-0.0002640
3614.200370,0,5.999023,-0.0000900,-0.0005399
3614.332220,0,5.999023,-0.0000020,-0.0000120
3614.464056,0,5.999219,-0.0000460,-0.0002760
3614.595892,0,5.998633,-0.0001020,-0.0006119
3614.727727,0,5.998828,-0.0000620,-0.0003719
3614.859535,0,5.998633,-0.0000100,-0.0000600
3614.991345,0,5.998828,-0.0000240,-0.0001440
3615.123181,0,5.999023,-0.0000320,-0.0001920
3615.255018,0,5.998633,-0.0001080,-0.0006479
3615.386841,0,5.998828,-0.0000600,-0.0003599
3615.518704,0,5.998828,-0.0000400,-0.0002400
3615.650484,0,5.998828,-0.0000680,-0.0004079
3615.782347,0,5.998828,-0.0000600,-0.0003599
3615.914183,0,5.998828,-0.0000960,-0.0005759
3616.045978,0,5.998828,-0.0000460,-0.0002759
3616.177815,0,5.998633,-0.0000120,-0.0000720
3616.309651,0,5.998828,-0.0000720,-0.0004319
3616.441489,0,5.999219,-0.0000060,-0.0000360
3616.573326,0,5.998828,-0.0001260,-0.0007559
3616.705127,0,5.998633,-0.0000800,-0.0004799
3616.836965,0,5.998633,-0.0000700,-0.0004199
3616.968834,0,5.998828,-0.0000220,-0.0001320
3617.100614,0,5.998828,-0.0000060,-0.0000360
3617.232525,0,5.999023,-0.0000300,-0.0001800
3617.364268,0,5.998828,-0.0000840,-0.0005039
3617.496102,0,5.999023,-0.0000340,-0.0002040
3617.627937,0,5.998828,0.0000080,0.0000480
3617.759769,0,5.998828,-0.0000280,-0.0001680
3617.891632,0,5.998438,-0.0000200,-0.0001200
3618.023412,0,5.998633,-0.0000380,-0.0002279
3618.155255,0,5.998633,-0.0000960,-0.0005759
3618.287091,0,5.998828,-0.0000600,-0.0003599
3618.418930,0,5.998633,-0.0000720,-0.0004319
3618.550781,0,5.999023,-0.0000900,-0.0005399
3618.682560,0,5.998633,-0.0000460,-0.0002759
3618.814395,0,5.998633,-0.0000780,-0.0004679
3618.946232,0,5.999023,-0.0001040,-0.0006239
3619.078072,0,5.998828,-0.0000300,-0.0001800
3619.209908,0,5.998633,-0.0000380,-0.0002279
3619.341714,0,5.999219,-0.0000540,-0.0003240
3619.473554,0,5.998828,-0.0001720,-0.0010318
3619.605391,0,5.998633,-0.0000320,-0.0001920
3619.737199,0,5.999023,-0.0001140,-0.0006839
3619.869036,0,5.998633,-0.0001140,-0.0006838
3620.000880,0,5.998633,-0.0001120,-0.0006718
3620.132713,0,5.999023,-0.0000820,-0.0004919
3620.264553,0,5.998828,-0.0000280,-0.0001680
3620.396390,0,5.998633,-0.0000980,-0.0005879
3620.529634,0,5.999023,-0.0000500,-0.0003000
3620.660043,0,5.999219,0.0000320,0.0001920
3620.791845,0,5.999219,-0.0001500,-0.0008999
3620.923649,0,5.998633,-0.0000700,-0.0004199
3621.055486,0,5.998633,-0.0000720,-0.0004319
3621.187341,0,5.998633,-0.0000200,-0.0001200
3621.319175,0,5.999023,-0.0000240,-0.0001440
3621.450998,0,5.998828,-0.0000420,-0.0002520
3621.582834,0,5.998828,-0.0000580,-0.0003479
3621.714671,0,5.998633,-0.0000680,-0.0004079
3621.846507,0,5.998828,-0.0000760,-0.0004559
3621.978283,0,5.999023,-0.0000140,-0.0000840
3622.110133,0,5.999023,-0.0000260,-0.0001560
3622.241970,0,5.998828,-0.0000600,-0.0003599
3622.373814,0,5.998438,0.0000020,0.0000120
3622.505597,0,5.999023,-0.0001080,-0.0006479
3622.637859,0,5.998828,-0.0000640,-0.0003839
3622.769293,0,5.999023,-0.0000300,-0.0001800
3622.901129,0,5.998633,-0.0000420,-0.0002519
3623.032915,0,5.998828,-0.0000540,-0.0003239
3623.164753,0,5.999023,-0.0000460,-0.0002760
3623.296582,0,5.998828,-0.0001080,-0.0006479
3623.428418,0,5.998633,-0.0000580,-0.0003479
3623.560247,0,5.998633,-0.0000860,-0.0005159
3623.692085,0,5.998828,-0.0000700,-0.0004199
3623.823926,0,5.998633,-0.0000960,-0.0005759
3623.955765,0,5.998828,-0.0000560,-0.0003359
3624.087599,0,5.999023,-0.0001080,-0.0006479
3624.219376,0,5.999023,-0.0000940,-0.0005639
3624.351208,0,5.998828,-0.0000780,-0.0004679
3624.483066,0,5.998828,-0.0000700,-0.0004199
3624.614900,0,5.999219,-0.0000720,-0.0004319
3624.746742,0,5.999023,-0.0000380,-0.0002280
3624.878546,0,5.998633,-0.0000640,-0.0003839
3625.010381,0,5.999023,-0.0000120,-0.0000720
3625.142190,0,5.999023,-0.0000980,-0.0005879
3625.274047,0,5.998633,-0.0001360,-0.0008158
3625.405853,0,5.998828,-0.0001100,-0.0006599
3625.537690,0,5.998828,-0.0000880,-0.0005279
3625.669543,0,5.999023,-0.0000420,-0.0002520
3625.801381,0,5.999023,-0.0001120,-0.0006719
3625.933423,0,5.999219,-0.0000500,-0.0003000
3626.064992,0,5.998633,-0.0000800,-0.0004799
3626.196830,0,5.998633,-0.0001460,-0.0008758
3626.328694,0,5.998633,-0.0000700,-0.0004199
3626.460475,0,5.998828,-0.0000920,-0.0005519
3626.592322,0,5.998438,-0.0000700,-0.0004199
3626.724160,0,5.999023,-0.0000660,-0.0003959
3626.855993,0,5.998633,-0.0000600,-0.0003599
3626.987828,0,5.999023,-0.0000620,-0.0003719
3627.119664,0,5.998633,-0.0000340,-0.0002040
3627.251465,0,5.999023,-0.0000960,-0.0005759
3627.383298,0,5.998633,-0.0000120,-0.0000720
3627.515138,0,5.998828,-0.0000920,-0.0005519
3627.646974,0,5.998828,-0.0000860,-0.0005159
3627.778819,0,5.998828,-0.0000500,-0.0002999
3627.910594,0,5.998633,-0.0000240,-0.0001440
3628.042431,0,5.998828,-0.0000300,-0.0001800
3628.174265,0,5.998828,-0.0000920,-0.0005519
3628.306101,0,5.998633,-0.0000480,-0.0002879
3628.437938,0,5.998828,-0.0000280,-0.0001680
3628.569775,0,5.999023,-0.0000680,-0.0004079
3628.701588,0,5.998633,-0.0001140,-0.0006838
3628.833430,0,5.998633,-0.0000360,-0.0002160
3628.965275,0,5.998633,-0.0000720,-0.0004319
3629.097092,0,5.998828,-0.0000280,-0.0001680
3629.228886,0,5.999023,-0.0000740,-0.0004439
3629.360766,0,5.998828,-0.0001260,-0.0007559
3629.492571,0,5.998633,-0.0000280,-0.0001680
3629.624412,0,5.998633,-0.0000600,-0.0003599
3629.756250,0,5.998828,-0.0001100,-0.0006599
3629.888046,0,5.999023,-0.0000380,-0.0002280
3630.019882,0,5.999023,-0.0000660,-0.0003959
3630.151720,0,5.998633,-0.0001080,-0.0006479
3630.283534,0,5.998633,-0.0000280,-0.0001680
3630.415370,0,5.999023,-0.0000640,-0.0003839
3630.547187,0,5.998828,-0.0000680,-0.0004079
3630.679026,0,5.998828,-0.0000760,-0.0004559
3630.810880,0,5.998633,-0.0000780,-0.0004679
3630.942717,0,5.998828,-0.0000960,-0.0005759
3631.074495,0,5.998633,-0.0000720,-0.0004319
3631.206330,0,5.999023,-0.0000800,-0.0004799
3631.338861,0,5.999023,-0.0000620,-0.0003719
3631.470013,0,5.998828,-0.0001180,-0.0007079
3631.601848,0,5.998828,-0.0000540,-0.0003239
3631.733652,0,5.999023,-0.0000620,-0.0003719
3631.865494,0,5.998828,-0.0000140,-0.0000840
3631.997331,0,5.998633,-0.0000660,-0.0003959
3632.129166,0,5.999023,-0.0000100,-0.0000600
3632.261005,0,5.999219,-0.0000280,-0.0001680
3632.392842,0,5.998828,-0.0000880,-0.0005279
3632.524618,0,5.998828,-0.0000620,-0.0003719
3632.656455,0,5.999023,-0.0000380,-0.0002280
3632.788292,0,5.998828,-0.0000820,-0.0004919
3632.920116,0,5.998828,-0.0001200,-0.0007199
3633.051952,0,5.999023,-0.0001300,-0.0007799
3633.183764,0,5.998828,-0.0000720,-0.0004319
3633.315629,0,5.998828,-0.0000920,-0.0005519
3633.447424,0,5.998828,-0.0000660,-0.0003959
3633.579260,0,5.998828,-0.0000820,-0.0004919
3633.711094,0,5.999023,-0.0001360,-0.0008159
3633.842920,0,5.999023,-0.0000920,-0.0005519
3633.974757,0,5.998633,0.0000100,0.0000600
3634.106570,0,5.999023,-0.0000780,-0.0004679
3634.238437,0,5.998828,-0.0000620,-0.0003719
3634.370231,0,5.999219,-0.0000420,-0.0002520
3634.502064,0,5.998633,-0.0001200,-0.0007198
3634.634384,0,5.999023,-0.0000840,-0.0005039
3634.765723,0,5.999023,-0.0000680,-0.0004079
3634.897561,0,5.998828,-0.0000560,-0.0003359
3635.029373,0,5.998828,-0.0000200,-0.0001200
3635.161209,0,5.998828,-0.0000220,-0.0001320
3635.293052,0,5.999023,-0.0000500,-0.0003000
3635.424888,0,5.999023,-0.0000800,-0.0004799
3635.556731,0,5.998828,-0.0001040,-0.0006239
3635.688567,0,5.998828,-0.0001040,-0.0006239
3635.820400,0,5.998828,-0.0000720,-0.0004319
3635.952211,0,5.999023,-0.0000720,-0.0004319
3636.084050,0,5.999023,-0.0000320,-0.0001920
3636.215830,0,5.999023,-0.0000720,-0.0004319
3636.347664,0,5.999023,-0.0000680,-0.0004079
3636.479538,0,5.998633,-0.0000440,-0.0002639
3636.611370,0,5.999219,-0.0000580,-0.0003480
3636.743174,0,5.998828,-0.0000660,-0.0003959
3636.874994,0,5.998828,-0.0000860,-0.0005159
3637.006831,0,5.999023,-0.0000940,-0.0005639
3637.138666,0,5.998828,-0.0001120,-0.0006719
3637.270502,0,5.998828,-0.0001060,-0.0006359
3637.402333,0,5.998828,-0.0001060,-0.0006359
3637.534169,0,5.998828,-0.0001340,-0.0008038
3637.665991,0,5.998828,-0.0000680,-0.0004079
3637.797829,0,5.998828,-0.0000980,-0.0005879
3637.929812,0,5.998828,-0.0000800,-0.0004799
3638.061442,0,5.998828,-0.0000820,-0.0004919
3638.193279,0,5.998828,-0.0000300,-0.0001800
3638.325099,0,5.998828,-0.0001120,-0.0006719
3638.456931,0,5.998633,-0.0001180,-0.0007078
3638.588762,0,5.999023,-0.0000580,-0.0003479
3638.720582,0,5.998828,-0.0000880,-0.0005279
3638.852426,0,5.998828,-0.0000360,-0.0002160
3638.984263,0,5.999219,-0.0000780,-0.0004679
3639.116072,0,5.999023,-0.0000560,-0.0003359
3639.247891,0,5.998828,-0.0001360,-0.0008158
3639.379727,0,5.998438,-0.0000500,-0.0002999
3639.511584,0,5.998828,-0.0000560,-0.0003359
3639.643417,0,5.998828,-0.0000520,-0.0003119
3639.775265,0,5.998633,-0.0000300,-0.0001800
3639.907050,0,5.999219,0.0000080,0.0000480
3640.039689,0,5.999414,-0.0000540,-0.0003240
3640.170713,0,5.998828,-0.0000920,-0.0005519
3640.302552,0,5.998828,-0.0001000,-0.0005999
3640.434400,0,5.998828,-0.0000540,-0.0003239
3640.566240,0,5.998828,-0.0000940,-0.0005639
3640.698012,0,5.998828,-0.0000960,-0.0005759
3640.829848,0,5.998828,-0.0000760,-0.0004559
3640.961691,0,5.998828,-0.0001040,-0.0006239
3641.093527,0,5.998633,-0.0000940,-0.0005639
3641.225365,0,5.999219,0.0000140,0.0000840
3641.357213,0,5.999219,-0.0000240,-0.0001440
3641.488990,0,5.998828,-0.0000900,-0.0005399
3641.620868,0,5.998828,-0.0000020,-0.0000120
3641.752643,0,5.998828,-0.0001140,-0.0006839
3641.884484,0,5.998633,-0.0000680,-0.0004079
3642.016320,0,5.998828,-0.0000620,-0.0003719
3642.148169,0,5.998633,-0.0000800,-0.0004799
3642.280006,0,5.998828,-0.0000360,-0.0002160
3642.411840,0,5.998828,-0.0000140,-0.0000840
3642.543667,0,5.999023,0.0000100,0.0000600
3642.675486,0,5.998828,-0.0000800,-0.0004799
3642.807325,0,5.998633,-0.0001140,-0.0006838
3642.939137,0,5.998828,-0.0000640,-0.0003839
3643.070980,0,5.998633,-0.0000700,-0.0004199
3643.202757,0,5.998828,-0.0000740,-0.0004439
3643.335195,0,5.998633,0.0000000,0.0000000
3643.466421,0,5.998828,-0.0001040,-0.0006239
3643.598256,0,5.998828,-0.0000920,-0.0005519
3643.730123,0,5.999023,-0.0000680,-0.0004079
3643.861905,0,5.998633,-0.0000560,-0.0003359
3643.993751,0,5.998828,-0.0000400,-0.0002400
3644.125587,0,5.998633,-0.0001000,-0.0005999
3644.257423,0,5.998633,-0.0000480,-0.0002879
3644.389241,0,5.998828,-0.0000540,-0.0003239
3644.521074,0,5.998828,0.0000080,0.0000480
3644.652876,0,5.999023,-0.0000640,-0.0003839
3644.784730,0,5.998828,-0.0000800,-0.0004799
3644.916562,0,5.998828,-0.0000600,-0.0003599
